id_Agente,matricula,nome,Orgão_id_Orgao
1,AGT2025001,Carlos Henrique da Silva,1
2,AGT2025002,Ana Paula Rodrigues,2
3,AGT2025003,João Marcos de Souza,3
4,AGT2025004,Mariana Lopes Ferreira,4
5,AGT2025005,Fernando Alves Santos,6
6,AGT2025006,Patrícia Oliveira Nunes,2
7,AGT2025007,Lucas Moreira Lima,3
8,AGT2025008,Rafael Costa Menezes,1
9,AGT2025009,Juliana Duarte Campos,6
10,AGT2025010,André Luiz Martins,5
11,AGT2025011,Marcos Vinícius Pereira,1
12,AGT2025012,Sandra Regina Lima,2
13,AGT2025013,Thiago Ramos Carvalho,6
14,AGT2025014,Carla Beatriz Gomes,4
15,AGT2025015,Bruno Henrique Nascimento,5
16,AGT2025016,Aline Cristina Souza,2
17,AGT2025017,Rodrigo Ferreira Alves,3
18,AGT2025018,Vanessa Marques Oliveira,1
19,AGT2025019,Fabio Luiz Santos,4
20,AGT2025020,Priscila Rodrigues Costa,5
21,AGT2025021,Gustavo Henrique Martins,6
22,AGT2025022,Larissa Almeida Rocha,2
23,AGT2025023,Daniela Vieira Lima,1
24,AGT2025024,Caio Alexandre Pereira,4
25,AGT2025025,Beatriz Souza Nunes,1
